{
	"info": {
		"_postman_id": "434d4e06-1872-4716-916a-eaf9e6c0a77b",
		"name": "Restful API with Spring Boot 2.1.3",
		"description": "Some description about your API\n\nContact Support:\n Name: Marianna Fiorelli\n Email: mmapefi@gmail.com",
		"schema": "https://schema.getpostman.com/json/collection/v2.1.0/collection.json"
	},
	"item": [
		{
			"name": "api",
			"item": [
				{
					"name": "Book",
					"item": [
						{
							"name": "find all book recorded",
							"request": {
								"method": "GET",
								"header": [],
								"url": {
									"raw": "{{baseUrl}}/api/book/v1",
									"host": [
										"{{baseUrl}}"
									],
									"path": [
										"api",
										"book",
										"v1"
									]
								}
							},
							"response": [
								{
									"name": "Unauthorized",
									"originalRequest": {
										"method": "GET",
										"header": [],
										"url": {
											"raw": "{{baseUrl}}/api/book/v1",
											"host": [
												"{{baseUrl}}"
											],
											"path": [
												"api",
												"book",
												"v1"
											]
										}
									},
									"status": "Unauthorized",
									"code": 401,
									"_postman_previewlanguage": "text",
									"header": [
										{
											"key": "Content-Type",
											"value": "text/plain"
										}
									],
									"cookie": [],
									"body": ""
								},
								{
									"name": "Forbidden",
									"originalRequest": {
										"method": "GET",
										"header": [],
										"url": {
											"raw": "{{baseUrl}}/api/book/v1",
											"host": [
												"{{baseUrl}}"
											],
											"path": [
												"api",
												"book",
												"v1"
											]
										}
									},
									"status": "Forbidden",
									"code": 403,
									"_postman_previewlanguage": "text",
									"header": [
										{
											"key": "Content-Type",
											"value": "text/plain"
										}
									],
									"cookie": [],
									"body": ""
								},
								{
									"name": "Not Found",
									"originalRequest": {
										"method": "GET",
										"header": [],
										"url": {
											"raw": "{{baseUrl}}/api/book/v1",
											"host": [
												"{{baseUrl}}"
											],
											"path": [
												"api",
												"book",
												"v1"
											]
										}
									},
									"status": "Not Found",
									"code": 404,
									"_postman_previewlanguage": "text",
									"header": [
										{
											"key": "Content-Type",
											"value": "text/plain"
										}
									],
									"cookie": [],
									"body": ""
								},
								{
									"name": "OK",
									"originalRequest": {
										"method": "GET",
										"header": [],
										"url": {
											"raw": "{{baseUrl}}/api/book/v1",
											"host": [
												"{{baseUrl}}"
											],
											"path": [
												"api",
												"book",
												"v1"
											]
										}
									},
									"status": "OK",
									"code": 200,
									"_postman_previewlanguage": "json",
									"header": [
										{
											"key": "Content-Type",
											"value": "application/json"
										}
									],
									"cookie": [],
									"body": "[\n {\n  \"author\": \"<string>\",\n  \"id\": \"<long>\",\n  \"launchDate\": \"<dateTime>\",\n  \"links\": [\n   {\n    \"deprecation\": \"<string>\",\n    \"href\": \"<string>\",\n    \"hreflang\": \"<string>\",\n    \"media\": \"<string>\",\n    \"rel\": \"<string>\",\n    \"templated\": \"<boolean>\",\n    \"title\": \"<string>\",\n    \"type\": \"<string>\"\n   },\n   {\n    \"deprecation\": \"<string>\",\n    \"href\": \"<string>\",\n    \"hreflang\": \"<string>\",\n    \"media\": \"<string>\",\n    \"rel\": \"<string>\",\n    \"templated\": \"<boolean>\",\n    \"title\": \"<string>\",\n    \"type\": \"<string>\"\n   }\n  ],\n  \"price\": \"<double>\",\n  \"title\": \"<string>\"\n },\n {\n  \"author\": \"<string>\",\n  \"id\": \"<long>\",\n  \"launchDate\": \"<dateTime>\",\n  \"links\": [\n   {\n    \"deprecation\": \"<string>\",\n    \"href\": \"<string>\",\n    \"hreflang\": \"<string>\",\n    \"media\": \"<string>\",\n    \"rel\": \"<string>\",\n    \"templated\": \"<boolean>\",\n    \"title\": \"<string>\",\n    \"type\": \"<string>\"\n   },\n   {\n    \"deprecation\": \"<string>\",\n    \"href\": \"<string>\",\n    \"hreflang\": \"<string>\",\n    \"media\": \"<string>\",\n    \"rel\": \"<string>\",\n    \"templated\": \"<boolean>\",\n    \"title\": \"<string>\",\n    \"type\": \"<string>\"\n   }\n  ],\n  \"price\": \"<double>\",\n  \"title\": \"<string>\"\n }\n]"
								}
							]
						},
						{
							"name": "create recorded",
							"request": {
								"method": "POST",
								"header": [
									{
										"key": "Content-Type",
										"value": "application/json"
									}
								],
								"body": {
									"mode": "raw",
									"raw": "{\n    \"author\": \"<string>\",\n    \"id\": \"<long>\",\n    \"launchDate\": \"<dateTime>\",\n    \"links\": [\n        {\n            \"deprecation\": \"<string>\",\n            \"href\": \"<string>\",\n            \"hreflang\": \"<string>\",\n            \"media\": \"<string>\",\n            \"rel\": \"<string>\",\n            \"templated\": \"<boolean>\",\n            \"title\": \"<string>\",\n            \"type\": \"<string>\"\n        },\n        {\n            \"deprecation\": \"<string>\",\n            \"href\": \"<string>\",\n            \"hreflang\": \"<string>\",\n            \"media\": \"<string>\",\n            \"rel\": \"<string>\",\n            \"templated\": \"<boolean>\",\n            \"title\": \"<string>\",\n            \"type\": \"<string>\"\n        }\n    ],\n    \"price\": \"<double>\",\n    \"title\": \"<string>\"\n}"
								},
								"url": {
									"raw": "{{baseUrl}}/api/book/v1",
									"host": [
										"{{baseUrl}}"
									],
									"path": [
										"api",
										"book",
										"v1"
									]
								}
							},
							"response": [
								{
									"name": "Created",
									"originalRequest": {
										"method": "POST",
										"header": [],
										"url": {
											"raw": "{{baseUrl}}/api/book/v1",
											"host": [
												"{{baseUrl}}"
											],
											"path": [
												"api",
												"book",
												"v1"
											]
										}
									},
									"status": "Created",
									"code": 201,
									"_postman_previewlanguage": "text",
									"header": [
										{
											"key": "Content-Type",
											"value": "text/plain"
										}
									],
									"cookie": [],
									"body": ""
								},
								{
									"name": "Forbidden",
									"originalRequest": {
										"method": "POST",
										"header": [],
										"url": {
											"raw": "{{baseUrl}}/api/book/v1",
											"host": [
												"{{baseUrl}}"
											],
											"path": [
												"api",
												"book",
												"v1"
											]
										}
									},
									"status": "Forbidden",
									"code": 403,
									"_postman_previewlanguage": "text",
									"header": [
										{
											"key": "Content-Type",
											"value": "text/plain"
										}
									],
									"cookie": [],
									"body": ""
								},
								{
									"name": "Unauthorized",
									"originalRequest": {
										"method": "POST",
										"header": [],
										"url": {
											"raw": "{{baseUrl}}/api/book/v1",
											"host": [
												"{{baseUrl}}"
											],
											"path": [
												"api",
												"book",
												"v1"
											]
										}
									},
									"status": "Unauthorized",
									"code": 401,
									"_postman_previewlanguage": "text",
									"header": [
										{
											"key": "Content-Type",
											"value": "text/plain"
										}
									],
									"cookie": [],
									"body": ""
								},
								{
									"name": "OK",
									"originalRequest": {
										"method": "POST",
										"header": [],
										"url": {
											"raw": "{{baseUrl}}/api/book/v1",
											"host": [
												"{{baseUrl}}"
											],
											"path": [
												"api",
												"book",
												"v1"
											]
										}
									},
									"status": "OK",
									"code": 200,
									"_postman_previewlanguage": "json",
									"header": [
										{
											"key": "Content-Type",
											"value": "application/json"
										}
									],
									"cookie": [],
									"body": "{\n \"author\": \"<string>\",\n \"id\": \"<long>\",\n \"launchDate\": \"<dateTime>\",\n \"links\": [\n  {\n   \"deprecation\": \"<string>\",\n   \"href\": \"<string>\",\n   \"hreflang\": \"<string>\",\n   \"media\": \"<string>\",\n   \"rel\": \"<string>\",\n   \"templated\": \"<boolean>\",\n   \"title\": \"<string>\",\n   \"type\": \"<string>\"\n  },\n  {\n   \"deprecation\": \"<string>\",\n   \"href\": \"<string>\",\n   \"hreflang\": \"<string>\",\n   \"media\": \"<string>\",\n   \"rel\": \"<string>\",\n   \"templated\": \"<boolean>\",\n   \"title\": \"<string>\",\n   \"type\": \"<string>\"\n  }\n ],\n \"price\": \"<double>\",\n \"title\": \"<string>\"\n}"
								},
								{
									"name": "Not Found",
									"originalRequest": {
										"method": "POST",
										"header": [],
										"url": {
											"raw": "{{baseUrl}}/api/book/v1",
											"host": [
												"{{baseUrl}}"
											],
											"path": [
												"api",
												"book",
												"v1"
											]
										}
									},
									"status": "Not Found",
									"code": 404,
									"_postman_previewlanguage": "text",
									"header": [
										{
											"key": "Content-Type",
											"value": "text/plain"
										}
									],
									"cookie": [],
									"body": ""
								}
							]
						},
						{
							"name": "update recorded",
							"request": {
								"method": "PUT",
								"header": [
									{
										"key": "Content-Type",
										"value": "application/json"
									}
								],
								"body": {
									"mode": "raw",
									"raw": "{\n    \"author\": \"<string>\",\n    \"id\": \"<long>\",\n    \"launchDate\": \"<dateTime>\",\n    \"links\": [\n        {\n            \"deprecation\": \"<string>\",\n            \"href\": \"<string>\",\n            \"hreflang\": \"<string>\",\n            \"media\": \"<string>\",\n            \"rel\": \"<string>\",\n            \"templated\": \"<boolean>\",\n            \"title\": \"<string>\",\n            \"type\": \"<string>\"\n        },\n        {\n            \"deprecation\": \"<string>\",\n            \"href\": \"<string>\",\n            \"hreflang\": \"<string>\",\n            \"media\": \"<string>\",\n            \"rel\": \"<string>\",\n            \"templated\": \"<boolean>\",\n            \"title\": \"<string>\",\n            \"type\": \"<string>\"\n        }\n    ],\n    \"price\": \"<double>\",\n    \"title\": \"<string>\"\n}"
								},
								"url": {
									"raw": "{{baseUrl}}/api/book/v1",
									"host": [
										"{{baseUrl}}"
									],
									"path": [
										"api",
										"book",
										"v1"
									]
								}
							},
							"response": [
								{
									"name": "Not Found",
									"originalRequest": {
										"method": "PUT",
										"header": [],
										"url": {
											"raw": "{{baseUrl}}/api/book/v1",
											"host": [
												"{{baseUrl}}"
											],
											"path": [
												"api",
												"book",
												"v1"
											]
										}
									},
									"status": "Not Found",
									"code": 404,
									"_postman_previewlanguage": "text",
									"header": [
										{
											"key": "Content-Type",
											"value": "text/plain"
										}
									],
									"cookie": [],
									"body": ""
								},
								{
									"name": "Created",
									"originalRequest": {
										"method": "PUT",
										"header": [],
										"url": {
											"raw": "{{baseUrl}}/api/book/v1",
											"host": [
												"{{baseUrl}}"
											],
											"path": [
												"api",
												"book",
												"v1"
											]
										}
									},
									"status": "Created",
									"code": 201,
									"_postman_previewlanguage": "text",
									"header": [
										{
											"key": "Content-Type",
											"value": "text/plain"
										}
									],
									"cookie": [],
									"body": ""
								},
								{
									"name": "Forbidden",
									"originalRequest": {
										"method": "PUT",
										"header": [],
										"url": {
											"raw": "{{baseUrl}}/api/book/v1",
											"host": [
												"{{baseUrl}}"
											],
											"path": [
												"api",
												"book",
												"v1"
											]
										}
									},
									"status": "Forbidden",
									"code": 403,
									"_postman_previewlanguage": "text",
									"header": [
										{
											"key": "Content-Type",
											"value": "text/plain"
										}
									],
									"cookie": [],
									"body": ""
								},
								{
									"name": "Unauthorized",
									"originalRequest": {
										"method": "PUT",
										"header": [],
										"url": {
											"raw": "{{baseUrl}}/api/book/v1",
											"host": [
												"{{baseUrl}}"
											],
											"path": [
												"api",
												"book",
												"v1"
											]
										}
									},
									"status": "Unauthorized",
									"code": 401,
									"_postman_previewlanguage": "text",
									"header": [
										{
											"key": "Content-Type",
											"value": "text/plain"
										}
									],
									"cookie": [],
									"body": ""
								},
								{
									"name": "OK",
									"originalRequest": {
										"method": "PUT",
										"header": [],
										"url": {
											"raw": "{{baseUrl}}/api/book/v1",
											"host": [
												"{{baseUrl}}"
											],
											"path": [
												"api",
												"book",
												"v1"
											]
										}
									},
									"status": "OK",
									"code": 200,
									"_postman_previewlanguage": "json",
									"header": [
										{
											"key": "Content-Type",
											"value": "application/json"
										}
									],
									"cookie": [],
									"body": "{\n \"author\": \"<string>\",\n \"id\": \"<long>\",\n \"launchDate\": \"<dateTime>\",\n \"links\": [\n  {\n   \"deprecation\": \"<string>\",\n   \"href\": \"<string>\",\n   \"hreflang\": \"<string>\",\n   \"media\": \"<string>\",\n   \"rel\": \"<string>\",\n   \"templated\": \"<boolean>\",\n   \"title\": \"<string>\",\n   \"type\": \"<string>\"\n  },\n  {\n   \"deprecation\": \"<string>\",\n   \"href\": \"<string>\",\n   \"hreflang\": \"<string>\",\n   \"media\": \"<string>\",\n   \"rel\": \"<string>\",\n   \"templated\": \"<boolean>\",\n   \"title\": \"<string>\",\n   \"type\": \"<string>\"\n  }\n ],\n \"price\": \"<double>\",\n \"title\": \"<string>\"\n}"
								}
							]
						},
						{
							"name": "find by id recorded",
							"request": {
								"method": "GET",
								"header": [],
								"url": {
									"raw": "{{baseUrl}}/api/book/v1/:id",
									"host": [
										"{{baseUrl}}"
									],
									"path": [
										"api",
										"book",
										"v1",
										":id"
									],
									"variable": [
										{
											"key": "id",
											"value": "<long>",
											"description": "(Required) id"
										}
									]
								}
							},
							"response": [
								{
									"name": "OK",
									"originalRequest": {
										"method": "GET",
										"header": [],
										"url": {
											"raw": "{{baseUrl}}/api/book/v1/:id",
											"host": [
												"{{baseUrl}}"
											],
											"path": [
												"api",
												"book",
												"v1",
												":id"
											],
											"variable": [
												{
													"key": "id"
												}
											]
										}
									},
									"status": "OK",
									"code": 200,
									"_postman_previewlanguage": "json",
									"header": [
										{
											"key": "Content-Type",
											"value": "application/json"
										}
									],
									"cookie": [],
									"body": "{\n \"author\": \"<string>\",\n \"id\": \"<long>\",\n \"launchDate\": \"<dateTime>\",\n \"links\": [\n  {\n   \"deprecation\": \"<string>\",\n   \"href\": \"<string>\",\n   \"hreflang\": \"<string>\",\n   \"media\": \"<string>\",\n   \"rel\": \"<string>\",\n   \"templated\": \"<boolean>\",\n   \"title\": \"<string>\",\n   \"type\": \"<string>\"\n  },\n  {\n   \"deprecation\": \"<string>\",\n   \"href\": \"<string>\",\n   \"hreflang\": \"<string>\",\n   \"media\": \"<string>\",\n   \"rel\": \"<string>\",\n   \"templated\": \"<boolean>\",\n   \"title\": \"<string>\",\n   \"type\": \"<string>\"\n  }\n ],\n \"price\": \"<double>\",\n \"title\": \"<string>\"\n}"
								},
								{
									"name": "Not Found",
									"originalRequest": {
										"method": "GET",
										"header": [],
										"url": {
											"raw": "{{baseUrl}}/api/book/v1/:id",
											"host": [
												"{{baseUrl}}"
											],
											"path": [
												"api",
												"book",
												"v1",
												":id"
											],
											"variable": [
												{
													"key": "id"
												}
											]
										}
									},
									"status": "Not Found",
									"code": 404,
									"_postman_previewlanguage": "text",
									"header": [
										{
											"key": "Content-Type",
											"value": "text/plain"
										}
									],
									"cookie": [],
									"body": ""
								},
								{
									"name": "Unauthorized",
									"originalRequest": {
										"method": "GET",
										"header": [],
										"url": {
											"raw": "{{baseUrl}}/api/book/v1/:id",
											"host": [
												"{{baseUrl}}"
											],
											"path": [
												"api",
												"book",
												"v1",
												":id"
											],
											"variable": [
												{
													"key": "id"
												}
											]
										}
									},
									"status": "Unauthorized",
									"code": 401,
									"_postman_previewlanguage": "text",
									"header": [
										{
											"key": "Content-Type",
											"value": "text/plain"
										}
									],
									"cookie": [],
									"body": ""
								},
								{
									"name": "Forbidden",
									"originalRequest": {
										"method": "GET",
										"header": [],
										"url": {
											"raw": "{{baseUrl}}/api/book/v1/:id",
											"host": [
												"{{baseUrl}}"
											],
											"path": [
												"api",
												"book",
												"v1",
												":id"
											],
											"variable": [
												{
													"key": "id"
												}
											]
										}
									},
									"status": "Forbidden",
									"code": 403,
									"_postman_previewlanguage": "text",
									"header": [
										{
											"key": "Content-Type",
											"value": "text/plain"
										}
									],
									"cookie": [],
									"body": ""
								}
							]
						},
						{
							"name": "delete recorded",
							"request": {
								"method": "DELETE",
								"header": [],
								"url": {
									"raw": "{{baseUrl}}/api/book/v1/:id",
									"host": [
										"{{baseUrl}}"
									],
									"path": [
										"api",
										"book",
										"v1",
										":id"
									],
									"variable": [
										{
											"key": "id",
											"value": "<long>",
											"description": "(Required) id"
										}
									]
								}
							},
							"response": [
								{
									"name": "Unauthorized",
									"originalRequest": {
										"method": "DELETE",
										"header": [],
										"url": {
											"raw": "{{baseUrl}}/api/book/v1/:id",
											"host": [
												"{{baseUrl}}"
											],
											"path": [
												"api",
												"book",
												"v1",
												":id"
											],
											"variable": [
												{
													"key": "id"
												}
											]
										}
									},
									"status": "Unauthorized",
									"code": 401,
									"_postman_previewlanguage": "text",
									"header": [
										{
											"key": "Content-Type",
											"value": "text/plain"
										}
									],
									"cookie": [],
									"body": ""
								},
								{
									"name": "No Content",
									"originalRequest": {
										"method": "DELETE",
										"header": [],
										"url": {
											"raw": "{{baseUrl}}/api/book/v1/:id",
											"host": [
												"{{baseUrl}}"
											],
											"path": [
												"api",
												"book",
												"v1",
												":id"
											],
											"variable": [
												{
													"key": "id"
												}
											]
										}
									},
									"status": "No Content",
									"code": 204,
									"_postman_previewlanguage": "text",
									"header": [
										{
											"key": "Content-Type",
											"value": "text/plain"
										}
									],
									"cookie": [],
									"body": ""
								},
								{
									"name": "OK",
									"originalRequest": {
										"method": "DELETE",
										"header": [],
										"url": {
											"raw": "{{baseUrl}}/api/book/v1/:id",
											"host": [
												"{{baseUrl}}"
											],
											"path": [
												"api",
												"book",
												"v1",
												":id"
											],
											"variable": [
												{
													"key": "id"
												}
											]
										}
									},
									"status": "OK",
									"code": 200,
									"_postman_previewlanguage": "text",
									"header": [
										{
											"key": "Content-Type",
											"value": "*/*"
										}
									],
									"cookie": [],
									"body": "<object>"
								},
								{
									"name": "Forbidden",
									"originalRequest": {
										"method": "DELETE",
										"header": [],
										"url": {
											"raw": "{{baseUrl}}/api/book/v1/:id",
											"host": [
												"{{baseUrl}}"
											],
											"path": [
												"api",
												"book",
												"v1",
												":id"
											],
											"variable": [
												{
													"key": "id"
												}
											]
										}
									},
									"status": "Forbidden",
									"code": 403,
									"_postman_previewlanguage": "text",
									"header": [
										{
											"key": "Content-Type",
											"value": "text/plain"
										}
									],
									"cookie": [],
									"body": ""
								}
							]
						}
					],
					"protocolProfileBehavior": {},
					"_postman_isSubFolder": true
				},
				{
					"name": "Person",
					"item": [
						{
							"name": "find by id people recorded",
							"request": {
								"method": "GET",
								"header": [],
								"url": {
									"raw": "{{baseUrl}}/api/person/v1/:id",
									"host": [
										"{{baseUrl}}"
									],
									"path": [
										"api",
										"person",
										"v1",
										":id"
									],
									"variable": [
										{
											"key": "id",
											"value": "<long>",
											"description": "(Required) id"
										}
									]
								}
							},
							"response": [
								{
									"name": "Forbidden",
									"originalRequest": {
										"method": "GET",
										"header": [],
										"url": {
											"raw": "{{baseUrl}}/api/person/v1/:id",
											"host": [
												"{{baseUrl}}"
											],
											"path": [
												"api",
												"person",
												"v1",
												":id"
											],
											"variable": [
												{
													"key": "id"
												}
											]
										}
									},
									"status": "Forbidden",
									"code": 403,
									"_postman_previewlanguage": "text",
									"header": [
										{
											"key": "Content-Type",
											"value": "text/plain"
										}
									],
									"cookie": [],
									"body": ""
								},
								{
									"name": "OK",
									"originalRequest": {
										"method": "GET",
										"header": [],
										"url": {
											"raw": "{{baseUrl}}/api/person/v1/:id",
											"host": [
												"{{baseUrl}}"
											],
											"path": [
												"api",
												"person",
												"v1",
												":id"
											],
											"variable": [
												{
													"key": "id"
												}
											]
										}
									},
									"status": "OK",
									"code": 200,
									"_postman_previewlanguage": "json",
									"header": [
										{
											"key": "Content-Type",
											"value": "application/json"
										}
									],
									"cookie": [],
									"body": "{\n \"address\": \"<string>\",\n \"firstName\": \"<string>\",\n \"gender\": \"<string>\",\n \"id\": \"<long>\",\n \"lastName\": \"<string>\",\n \"links\": [\n  {\n   \"deprecation\": \"<string>\",\n   \"href\": \"<string>\",\n   \"hreflang\": \"<string>\",\n   \"media\": \"<string>\",\n   \"rel\": \"<string>\",\n   \"templated\": \"<boolean>\",\n   \"title\": \"<string>\",\n   \"type\": \"<string>\"\n  },\n  {\n   \"deprecation\": \"<string>\",\n   \"href\": \"<string>\",\n   \"hreflang\": \"<string>\",\n   \"media\": \"<string>\",\n   \"rel\": \"<string>\",\n   \"templated\": \"<boolean>\",\n   \"title\": \"<string>\",\n   \"type\": \"<string>\"\n  }\n ]\n}"
								},
								{
									"name": "Not Found",
									"originalRequest": {
										"method": "GET",
										"header": [],
										"url": {
											"raw": "{{baseUrl}}/api/person/v1/:id",
											"host": [
												"{{baseUrl}}"
											],
											"path": [
												"api",
												"person",
												"v1",
												":id"
											],
											"variable": [
												{
													"key": "id"
												}
											]
										}
									},
									"status": "Not Found",
									"code": 404,
									"_postman_previewlanguage": "text",
									"header": [
										{
											"key": "Content-Type",
											"value": "text/plain"
										}
									],
									"cookie": [],
									"body": ""
								},
								{
									"name": "Unauthorized",
									"originalRequest": {
										"method": "GET",
										"header": [],
										"url": {
											"raw": "{{baseUrl}}/api/person/v1/:id",
											"host": [
												"{{baseUrl}}"
											],
											"path": [
												"api",
												"person",
												"v1",
												":id"
											],
											"variable": [
												{
													"key": "id"
												}
											]
										}
									},
									"status": "Unauthorized",
									"code": 401,
									"_postman_previewlanguage": "text",
									"header": [
										{
											"key": "Content-Type",
											"value": "text/plain"
										}
									],
									"cookie": [],
									"body": ""
								}
							]
						},
						{
							"name": "delete people recorded",
							"request": {
								"method": "DELETE",
								"header": [],
								"url": {
									"raw": "{{baseUrl}}/api/person/v1/:id",
									"host": [
										"{{baseUrl}}"
									],
									"path": [
										"api",
										"person",
										"v1",
										":id"
									],
									"variable": [
										{
											"key": "id",
											"value": "<long>",
											"description": "(Required) id"
										}
									]
								}
							},
							"response": [
								{
									"name": "Forbidden",
									"originalRequest": {
										"method": "DELETE",
										"header": [],
										"url": {
											"raw": "{{baseUrl}}/api/person/v1/:id",
											"host": [
												"{{baseUrl}}"
											],
											"path": [
												"api",
												"person",
												"v1",
												":id"
											],
											"variable": [
												{
													"key": "id"
												}
											]
										}
									},
									"status": "Forbidden",
									"code": 403,
									"_postman_previewlanguage": "text",
									"header": [
										{
											"key": "Content-Type",
											"value": "text/plain"
										}
									],
									"cookie": [],
									"body": ""
								},
								{
									"name": "Unauthorized",
									"originalRequest": {
										"method": "DELETE",
										"header": [],
										"url": {
											"raw": "{{baseUrl}}/api/person/v1/:id",
											"host": [
												"{{baseUrl}}"
											],
											"path": [
												"api",
												"person",
												"v1",
												":id"
											],
											"variable": [
												{
													"key": "id"
												}
											]
										}
									},
									"status": "Unauthorized",
									"code": 401,
									"_postman_previewlanguage": "text",
									"header": [
										{
											"key": "Content-Type",
											"value": "text/plain"
										}
									],
									"cookie": [],
									"body": ""
								},
								{
									"name": "No Content",
									"originalRequest": {
										"method": "DELETE",
										"header": [],
										"url": {
											"raw": "{{baseUrl}}/api/person/v1/:id",
											"host": [
												"{{baseUrl}}"
											],
											"path": [
												"api",
												"person",
												"v1",
												":id"
											],
											"variable": [
												{
													"key": "id"
												}
											]
										}
									},
									"status": "No Content",
									"code": 204,
									"_postman_previewlanguage": "text",
									"header": [
										{
											"key": "Content-Type",
											"value": "text/plain"
										}
									],
									"cookie": [],
									"body": ""
								},
								{
									"name": "OK",
									"originalRequest": {
										"method": "DELETE",
										"header": [],
										"url": {
											"raw": "{{baseUrl}}/api/person/v1/:id",
											"host": [
												"{{baseUrl}}"
											],
											"path": [
												"api",
												"person",
												"v1",
												":id"
											],
											"variable": [
												{
													"key": "id"
												}
											]
										}
									},
									"status": "OK",
									"code": 200,
									"_postman_previewlanguage": "text",
									"header": [
										{
											"key": "Content-Type",
											"value": "*/*"
										}
									],
									"cookie": [],
									"body": "<object>"
								}
							]
						},
						{
							"name": "find all people recorded",
							"request": {
								"method": "GET",
								"header": [],
								"url": {
									"raw": "{{baseUrl}}/api/person/v1",
									"host": [
										"{{baseUrl}}"
									],
									"path": [
										"api",
										"person",
										"v1"
									]
								}
							},
							"response": [
								{
									"name": "OK",
									"originalRequest": {
										"method": "GET",
										"header": [],
										"url": {
											"raw": "{{baseUrl}}/api/person/v1",
											"host": [
												"{{baseUrl}}"
											],
											"path": [
												"api",
												"person",
												"v1"
											]
										}
									},
									"status": "OK",
									"code": 200,
									"_postman_previewlanguage": "json",
									"header": [
										{
											"key": "Content-Type",
											"value": "application/json"
										}
									],
									"cookie": [],
									"body": "[\n {\n  \"address\": \"<string>\",\n  \"firstName\": \"<string>\",\n  \"gender\": \"<string>\",\n  \"id\": \"<long>\",\n  \"lastName\": \"<string>\",\n  \"links\": [\n   {\n    \"deprecation\": \"<string>\",\n    \"href\": \"<string>\",\n    \"hreflang\": \"<string>\",\n    \"media\": \"<string>\",\n    \"rel\": \"<string>\",\n    \"templated\": \"<boolean>\",\n    \"title\": \"<string>\",\n    \"type\": \"<string>\"\n   },\n   {\n    \"deprecation\": \"<string>\",\n    \"href\": \"<string>\",\n    \"hreflang\": \"<string>\",\n    \"media\": \"<string>\",\n    \"rel\": \"<string>\",\n    \"templated\": \"<boolean>\",\n    \"title\": \"<string>\",\n    \"type\": \"<string>\"\n   }\n  ]\n },\n {\n  \"address\": \"<string>\",\n  \"firstName\": \"<string>\",\n  \"gender\": \"<string>\",\n  \"id\": \"<long>\",\n  \"lastName\": \"<string>\",\n  \"links\": [\n   {\n    \"deprecation\": \"<string>\",\n    \"href\": \"<string>\",\n    \"hreflang\": \"<string>\",\n    \"media\": \"<string>\",\n    \"rel\": \"<string>\",\n    \"templated\": \"<boolean>\",\n    \"title\": \"<string>\",\n    \"type\": \"<string>\"\n   },\n   {\n    \"deprecation\": \"<string>\",\n    \"href\": \"<string>\",\n    \"hreflang\": \"<string>\",\n    \"media\": \"<string>\",\n    \"rel\": \"<string>\",\n    \"templated\": \"<boolean>\",\n    \"title\": \"<string>\",\n    \"type\": \"<string>\"\n   }\n  ]\n }\n]"
								},
								{
									"name": "Not Found",
									"originalRequest": {
										"method": "GET",
										"header": [],
										"url": {
											"raw": "{{baseUrl}}/api/person/v1",
											"host": [
												"{{baseUrl}}"
											],
											"path": [
												"api",
												"person",
												"v1"
											]
										}
									},
									"status": "Not Found",
									"code": 404,
									"_postman_previewlanguage": "text",
									"header": [
										{
											"key": "Content-Type",
											"value": "text/plain"
										}
									],
									"cookie": [],
									"body": ""
								},
								{
									"name": "Forbidden",
									"originalRequest": {
										"method": "GET",
										"header": [],
										"url": {
											"raw": "{{baseUrl}}/api/person/v1",
											"host": [
												"{{baseUrl}}"
											],
											"path": [
												"api",
												"person",
												"v1"
											]
										}
									},
									"status": "Forbidden",
									"code": 403,
									"_postman_previewlanguage": "text",
									"header": [
										{
											"key": "Content-Type",
											"value": "text/plain"
										}
									],
									"cookie": [],
									"body": ""
								},
								{
									"name": "Unauthorized",
									"originalRequest": {
										"method": "GET",
										"header": [],
										"url": {
											"raw": "{{baseUrl}}/api/person/v1",
											"host": [
												"{{baseUrl}}"
											],
											"path": [
												"api",
												"person",
												"v1"
											]
										}
									},
									"status": "Unauthorized",
									"code": 401,
									"_postman_previewlanguage": "text",
									"header": [
										{
											"key": "Content-Type",
											"value": "text/plain"
										}
									],
									"cookie": [],
									"body": ""
								}
							]
						},
						{
							"name": "create people recorded",
							"request": {
								"method": "POST",
								"header": [
									{
										"key": "Content-Type",
										"value": "application/json"
									}
								],
								"body": {
									"mode": "raw",
									"raw": "{\n    \"address\": \"<string>\",\n    \"firstName\": \"<string>\",\n    \"gender\": \"<string>\",\n    \"id\": \"<long>\",\n    \"lastName\": \"<string>\",\n    \"links\": [\n        {\n            \"deprecation\": \"<string>\",\n            \"href\": \"<string>\",\n            \"hreflang\": \"<string>\",\n            \"media\": \"<string>\",\n            \"rel\": \"<string>\",\n            \"templated\": \"<boolean>\",\n            \"title\": \"<string>\",\n            \"type\": \"<string>\"\n        },\n        {\n            \"deprecation\": \"<string>\",\n            \"href\": \"<string>\",\n            \"hreflang\": \"<string>\",\n            \"media\": \"<string>\",\n            \"rel\": \"<string>\",\n            \"templated\": \"<boolean>\",\n            \"title\": \"<string>\",\n            \"type\": \"<string>\"\n        }\n    ]\n}"
								},
								"url": {
									"raw": "{{baseUrl}}/api/person/v1",
									"host": [
										"{{baseUrl}}"
									],
									"path": [
										"api",
										"person",
										"v1"
									]
								}
							},
							"response": [
								{
									"name": "Forbidden",
									"originalRequest": {
										"method": "POST",
										"header": [],
										"url": {
											"raw": "{{baseUrl}}/api/person/v1",
											"host": [
												"{{baseUrl}}"
											],
											"path": [
												"api",
												"person",
												"v1"
											]
										}
									},
									"status": "Forbidden",
									"code": 403,
									"_postman_previewlanguage": "text",
									"header": [
										{
											"key": "Content-Type",
											"value": "text/plain"
										}
									],
									"cookie": [],
									"body": ""
								},
								{
									"name": "Created",
									"originalRequest": {
										"method": "POST",
										"header": [],
										"url": {
											"raw": "{{baseUrl}}/api/person/v1",
											"host": [
												"{{baseUrl}}"
											],
											"path": [
												"api",
												"person",
												"v1"
											]
										}
									},
									"status": "Created",
									"code": 201,
									"_postman_previewlanguage": "text",
									"header": [
										{
											"key": "Content-Type",
											"value": "text/plain"
										}
									],
									"cookie": [],
									"body": ""
								},
								{
									"name": "Unauthorized",
									"originalRequest": {
										"method": "POST",
										"header": [],
										"url": {
											"raw": "{{baseUrl}}/api/person/v1",
											"host": [
												"{{baseUrl}}"
											],
											"path": [
												"api",
												"person",
												"v1"
											]
										}
									},
									"status": "Unauthorized",
									"code": 401,
									"_postman_previewlanguage": "text",
									"header": [
										{
											"key": "Content-Type",
											"value": "text/plain"
										}
									],
									"cookie": [],
									"body": ""
								},
								{
									"name": "OK",
									"originalRequest": {
										"method": "POST",
										"header": [],
										"url": {
											"raw": "{{baseUrl}}/api/person/v1",
											"host": [
												"{{baseUrl}}"
											],
											"path": [
												"api",
												"person",
												"v1"
											]
										}
									},
									"status": "OK",
									"code": 200,
									"_postman_previewlanguage": "json",
									"header": [
										{
											"key": "Content-Type",
											"value": "application/json"
										}
									],
									"cookie": [],
									"body": "{\n \"address\": \"<string>\",\n \"firstName\": \"<string>\",\n \"gender\": \"<string>\",\n \"id\": \"<long>\",\n \"lastName\": \"<string>\",\n \"links\": [\n  {\n   \"deprecation\": \"<string>\",\n   \"href\": \"<string>\",\n   \"hreflang\": \"<string>\",\n   \"media\": \"<string>\",\n   \"rel\": \"<string>\",\n   \"templated\": \"<boolean>\",\n   \"title\": \"<string>\",\n   \"type\": \"<string>\"\n  },\n  {\n   \"deprecation\": \"<string>\",\n   \"href\": \"<string>\",\n   \"hreflang\": \"<string>\",\n   \"media\": \"<string>\",\n   \"rel\": \"<string>\",\n   \"templated\": \"<boolean>\",\n   \"title\": \"<string>\",\n   \"type\": \"<string>\"\n  }\n ]\n}"
								},
								{
									"name": "Not Found",
									"originalRequest": {
										"method": "POST",
										"header": [],
										"url": {
											"raw": "{{baseUrl}}/api/person/v1",
											"host": [
												"{{baseUrl}}"
											],
											"path": [
												"api",
												"person",
												"v1"
											]
										}
									},
									"status": "Not Found",
									"code": 404,
									"_postman_previewlanguage": "text",
									"header": [
										{
											"key": "Content-Type",
											"value": "text/plain"
										}
									],
									"cookie": [],
									"body": ""
								}
							]
						},
						{
							"name": "update people recorded",
							"request": {
								"method": "PUT",
								"header": [
									{
										"key": "Content-Type",
										"value": "application/json"
									}
								],
								"body": {
									"mode": "raw",
									"raw": "{\n    \"address\": \"<string>\",\n    \"firstName\": \"<string>\",\n    \"gender\": \"<string>\",\n    \"id\": \"<long>\",\n    \"lastName\": \"<string>\",\n    \"links\": [\n        {\n            \"deprecation\": \"<string>\",\n            \"href\": \"<string>\",\n            \"hreflang\": \"<string>\",\n            \"media\": \"<string>\",\n            \"rel\": \"<string>\",\n            \"templated\": \"<boolean>\",\n            \"title\": \"<string>\",\n            \"type\": \"<string>\"\n        },\n        {\n            \"deprecation\": \"<string>\",\n            \"href\": \"<string>\",\n            \"hreflang\": \"<string>\",\n            \"media\": \"<string>\",\n            \"rel\": \"<string>\",\n            \"templated\": \"<boolean>\",\n            \"title\": \"<string>\",\n            \"type\": \"<string>\"\n        }\n    ]\n}"
								},
								"url": {
									"raw": "{{baseUrl}}/api/person/v1",
									"host": [
										"{{baseUrl}}"
									],
									"path": [
										"api",
										"person",
										"v1"
									]
								}
							},
							"response": [
								{
									"name": "Unauthorized",
									"originalRequest": {
										"method": "PUT",
										"header": [],
										"url": {
											"raw": "{{baseUrl}}/api/person/v1",
											"host": [
												"{{baseUrl}}"
											],
											"path": [
												"api",
												"person",
												"v1"
											]
										}
									},
									"status": "Unauthorized",
									"code": 401,
									"_postman_previewlanguage": "text",
									"header": [
										{
											"key": "Content-Type",
											"value": "text/plain"
										}
									],
									"cookie": [],
									"body": ""
								},
								{
									"name": "Created",
									"originalRequest": {
										"method": "PUT",
										"header": [],
										"url": {
											"raw": "{{baseUrl}}/api/person/v1",
											"host": [
												"{{baseUrl}}"
											],
											"path": [
												"api",
												"person",
												"v1"
											]
										}
									},
									"status": "Created",
									"code": 201,
									"_postman_previewlanguage": "text",
									"header": [
										{
											"key": "Content-Type",
											"value": "text/plain"
										}
									],
									"cookie": [],
									"body": ""
								},
								{
									"name": "Not Found",
									"originalRequest": {
										"method": "PUT",
										"header": [],
										"url": {
											"raw": "{{baseUrl}}/api/person/v1",
											"host": [
												"{{baseUrl}}"
											],
											"path": [
												"api",
												"person",
												"v1"
											]
										}
									},
									"status": "Not Found",
									"code": 404,
									"_postman_previewlanguage": "text",
									"header": [
										{
											"key": "Content-Type",
											"value": "text/plain"
										}
									],
									"cookie": [],
									"body": ""
								},
								{
									"name": "Forbidden",
									"originalRequest": {
										"method": "PUT",
										"header": [],
										"url": {
											"raw": "{{baseUrl}}/api/person/v1",
											"host": [
												"{{baseUrl}}"
											],
											"path": [
												"api",
												"person",
												"v1"
											]
										}
									},
									"status": "Forbidden",
									"code": 403,
									"_postman_previewlanguage": "text",
									"header": [
										{
											"key": "Content-Type",
											"value": "text/plain"
										}
									],
									"cookie": [],
									"body": ""
								},
								{
									"name": "OK",
									"originalRequest": {
										"method": "PUT",
										"header": [],
										"url": {
											"raw": "{{baseUrl}}/api/person/v1",
											"host": [
												"{{baseUrl}}"
											],
											"path": [
												"api",
												"person",
												"v1"
											]
										}
									},
									"status": "OK",
									"code": 200,
									"_postman_previewlanguage": "json",
									"header": [
										{
											"key": "Content-Type",
											"value": "application/json"
										}
									],
									"cookie": [],
									"body": "{\n \"address\": \"<string>\",\n \"firstName\": \"<string>\",\n \"gender\": \"<string>\",\n \"id\": \"<long>\",\n \"lastName\": \"<string>\",\n \"links\": [\n  {\n   \"deprecation\": \"<string>\",\n   \"href\": \"<string>\",\n   \"hreflang\": \"<string>\",\n   \"media\": \"<string>\",\n   \"rel\": \"<string>\",\n   \"templated\": \"<boolean>\",\n   \"title\": \"<string>\",\n   \"type\": \"<string>\"\n  },\n  {\n   \"deprecation\": \"<string>\",\n   \"href\": \"<string>\",\n   \"hreflang\": \"<string>\",\n   \"media\": \"<string>\",\n   \"rel\": \"<string>\",\n   \"templated\": \"<boolean>\",\n   \"title\": \"<string>\",\n   \"type\": \"<string>\"\n  }\n ]\n}"
								}
							]
						}
					],
					"protocolProfileBehavior": {},
					"_postman_isSubFolder": true
				}
			],
			"protocolProfileBehavior": {}
		}
	],
	"event": [
		{
			"listen": "prerequest",
			"script": {
				"id": "d40e58ab-5167-4e8a-a42e-57667fe7cbe2",
				"type": "text/javascript",
				"exec": [
					""
				]
			}
		},
		{
			"listen": "test",
			"script": {
				"id": "46ce495d-54a8-4ae3-92b4-59f84befaa13",
				"type": "text/javascript",
				"exec": [
					""
				]
			}
		}
	],
	"variable": [
		{
			"id": "25308492-a614-432c-9480-4fab5150b503",
			"key": "baseUrl",
			"value": "localhost:8080/",
			"type": "string"
		}
	],
	"protocolProfileBehavior": {}
}