{
	"id": "5af7cf28-6f8e-46f3-99cb-2f5e047aee5a",
	"name": "SPRING_BOOT_UDEMY",
	"values": [
		{
			"key": "host",
			"value": "http://localhost:8080",
			"enabled": true
		},
		{
			"key": "user",
			"value": "leandro",
			"enabled": true
		},
		{
			"key": "password",
			"value": "admin123",
			"enabled": true
		},
		{
			"key": "bearer_token",
			"value": "",
			"enabled": true
		},
		{
			"key": "content_accept",
			"value": "*/*",
			"enabled": true
		}
	],
	"_postman_variable_scope": "environment",
	"_postman_exported_at": "2020-06-13T22:31:31.642Z",
	"_postman_exported_using": "Postman/7.26.0"
}